company_name,phone,email,address_or_location
Yelahanka,2    6,,"Yelahanka 2nd Floor, Plot No: 6, KV Jairam Road, Jakkur Rd, near Krishna Sagar Restaurant, MCHS Layo"
Whitefield,209,,"Whitefield 209, Saranya Square, Varthur Rd, above ICICI Bank, near Laughing Waters, Ramagondanahalli"
Vyttila+91 956 723 11 11,+91 956 723 11 11  +91 755 899 11 11  +91 755 984 11 11  +91,,KERALA Vyttila +91 956 723 11 11 Kakkanad +91 755 899 11 11 Edappally +91 755 984 11 11 Kottayam +91
Vyttila,5124-21        -682019,,"Vyttila 51/24A-2,1st Floor Tharayil Tower, Above Indusind Bank, Poonithura, Vyttila-682019 Ernakulam"
Trivandrum (kesavadasapuram),() 2,,"Trivandrum (kesavadasapuram) 2nd Floor, Joshua Tower, Opposite to the BATA showroom, Paruthipara, Ke"
Trivandrum (Bypass),() 2,,"Trivandrum (Bypass) 2nd Floor, Naomi Edifice, Service Rd, above McDonald's, Kulathoor, Kazhakkoottam"
Thrissur,2,,"Thrissur 2nd Floor, EM Space Building, Thrissur – Kunnamkulam Rd, near Sobha City, Puzhakkal, Punkun"
Sitemap,Sitemap,,Sitemap
Pune+91 938 345 3333,+91 938 345 3333   +91 830 493 5555  +91 907 224 5555,,MAHARASHTRA Pune +91 938 345 3333 Navi Mumbai +91 830 493 5555 Mumbai +91 907 224 5555
Projects,Projects,,Projects
Products,Products,,Products
PUNE,+91 938 345 33 33  +91 807 896 2222,,PUNE Chandan Nagar +91 938 345 33 33 Hinjawadi +91 807 896 2222
Navi Mumbai,1       -,,"Navi Mumbai 1st floor, Plan M Business Park, Thane - Belapur Rd, TTC Industrial Area, MIDC, Turbhe,"
Nagercoil,2 14          62900,,"Nagercoil G2, 14E, Rajas Mall, Rajakkamangalam Rd, Chettikulam Junction, Nagercoil, Tamil Nadu 62900"
NAVI MUMBAI,+91 830 493 55 55,,NAVI MUMBAI Turbhe +91 830 493 55 55
NAGERCOIL,+91 807 857 88 88,,NAGERCOIL Rajas Mall +91 807 857 88 88
Mysuru,1           570012,,"Mysuru 1st Floor, Panchavati Plaza, Kalidasa Rd, Vani Vilas Mohalla, Mysuru, Karnataka 570012 Call:"
Mumbai (Andheri East),( ) 4         408  409,,"Mumbai (Andheri East) 4th Floor, Vijaylaxmi Venture, AT by AGM, Door No, 408 & 409, Mahakali Caves R"
Mangaluru,203    66,,"Mangaluru Flat no 203, Elegance Apartments, NH 66, opp. Planet SKS, Kadri Hills, Bejai, Mangaluru, K"
Maharashtra,Maharashtra,,Maharashtra
Madurai,2    30,,"Madurai 2nd Floor, Kamalam Plaza, 30A, Melur Main Rd, KK Nagar, opposite Thiruvalluvar Bus Depot, Ma"
MYSURU,+91 938 342 33 33,,MYSURU Panchavati Plaza +91 938 342 33 33
MUMBAI,(      )    (,,COMPANY DIRECT SHOWROOMS (*WE DON'T HAVE ANY FRANCHISE IN INDIA) COMPANY DIRECT SHOWROOMS (*WE DON'T
MARKETING OFFICE,+971 56 665 64 14,,MARKETING OFFICE UAE +971 56 665 64 14
MANGALURU,+91 949 606 22 22,,MANGALURU Bejai +91 949 606 22 22
MADURAI,+91 854 742 44 44,,MADURAI Kamalam Plaza +91 854 742 44 44
Kottayam,1,,"Kottayam Kottayam
1st floor, Home Basics Spice, Puthuppally Rd, Kanjikuzhi, Kottayam, Kerala, India"
Kharadi (Pune),() 2,,"Kharadi (Pune) 2nd floor, Vedriti Commercial Building, Mathura Nagar, Wadgaon Sheri, Pune, Maharasht"
KERALA,+91 956 723 1111  +91 755 984 11 11  +91 755 899 22 22  +9,,KERALA Vyttila +91 956 723 1111 Edappally +91 755 984 11 11 Kottayam +91 755 899 22 22 Trivandrum +9
Hyderabad (Kompally),()     5,,"Hyderabad (Kompally) Atharv Pride, Plot No 5, near Trends Showroom, Devender Colony, Kompally, Hyder"
Hyderabad (Banjara hills),( )      12,,"Hyderabad (Banjara hills) Second floor, Emperado, Road No. 12, opp., Mahesh Bank, Bhola Nagar, Banja"
Hinjewadi (Pune),() 2          -,,"Hinjewadi (Pune) 2nd Floor, Rise Alta Prime Plaza, Bhumkar Chowk Rd, Tathawade, Pimpri-Chinchwad, Ma"
Head Office,2,,"Head Office Karimpanal Chambers, 2nd, NH Bypass, opposite to Wyte Fort Hotel, Maradu, Kochi, Kerala"
HYDERABAD,+91 949 508 77 77  +91 807 831 22 22,,HYDERABAD Banjara Hills +91 949 508 77 77 Kompally +91 807 831 22 22
FAQ’s,FAQ’s,,FAQ’s
Edappally,31361 1         377,,"Edappally 31/361 A1, First Floor, Bharatans Arcade, Near Metro Pillar Number 377, Cochin Edappally T"
"ECR, Chennai",-2        ()     60011,,"ECR, Chennai C-2, First floor, Times Square, East Coast Rd (ECR), Uthandi, Chennai, Tamil Nadu 60011"
Coimbatore,84   2-,,"Coimbatore Door No : 84, Meenas Pinnacle 2-B Second Floor, W Sambandam Rd, R S Puram West, Coimbator"
Chennai+91 755 900 33 33,+91 755 900 33 33  +91 94974 76666  +91 807 857 8888  +,,TAMIL NADU Chennai +91 755 900 33 33 Coimbatore +91 94974 76666 Nagercoil +91 807 857 8888 Madurai +
Careers,Careers,,Careers
Calicut,2            673014,,"Calicut 2nd floor, Orris Tower, Thondayad Bypass, opposite to Hilite Mall, Kozhikode, Kerala 673014"
COIMBATORE,+91 949 747 66 66,,COIMBATORE R.S. Puram +91 949 747 66 66
CHENNAI,+91 755 900 33 33  +91 807 890 88 88,,CHENNAI Anna Nagar +91 755 900 33 33 ECR +91 807 890 88 88
Bengaluru+91 999 551 77 77,+91 999 551 77 77  +91 949 606 22 22  +91 938 342 33 33,,KARNATAKA Bengaluru +91 999 551 77 77 Mangaluru +91 949 606 22 22 Mysore +91 938 342 33 33
Bengaluru HSR,760 19      2    560102,,"Bengaluru HSR 760, 19th Main Rd, Garden Layout, Sector 2 HSR Layout, Bengaluru 560102 Karnataka – In"
Banjara Hills+91 949 508 7777,+91 949 508 7777,,HYDERABAD Banjara Hills +91 949 508 7777
BENGALURU,+91 999 551 77 77  +91 956 723 33 33  +91 949 760 22 22,,BENGALURU HSR Layout +91 999 551 77 77 Yelahanka +91 956 723 33 33 Whitefield +91 949 760 22 22
"Anna Nagar, Chennai",33     2       600102,,"Anna Nagar, Chennai No. 33, Dev’s Ark, F Block, 2nd Ave, Anna Nagar, Chennai, Tamil Nadu 600102 – In"
Ahmedabad,+91 8111925555,,Ahmedabad Ahmedabad +91 8111925555
